{
  "antennaTypes": [
    {
      "name": "Cisco AP2802i 5GHz Micro",
      "directional": false,
      "defaultTiltAngle": 0.0,
      "frequencyBand": "FIVE",
      "apVendor": "Cisco",
      "apModel": "AP2802i",
      "maxGain": 6.0,
      "hplane": {
        "alignmentAngle": 0.0,
        "gains": [
          {
            "angle": 0.0,
            "gain": -4.37
          },
          {
            "angle": 3.0,
            "gain": -4.79
          },
          {
            "angle": 6.0,
            "gain": -4.29
          },
          {
            "angle": 9.0,
            "gain": -4.0
          },
          {
            "angle": 12.0,
            "gain": -4.16
          },
          {
            "angle": 15.0,
            "gain": -4.41
          },
          {
            "angle": 18.0,
            "gain": -4.33
          },
          {
            "angle": 21.0,
            "gain": -3.94
          },
          {
            "angle": 24.0,
            "gain": -3.97
          },
          {
            "angle": 27.0,
            "gain": -4.76
          },
          {
            "angle": 30.0,
            "gain": -5.7
          },
          {
            "angle": 33.0,
            "gain": -6.21
          },
          {
            "angle": 36.0,
            "gain": -6.47
          },
          {
            "angle": 39.0,
            "gain": -6.08
          },
          {
            "angle": 42.0,
            "gain": -5.78
          },
          {
            "angle": 45.0,
            "gain": -5.77
          },
          {
            "angle": 48.0,
            "gain": -6.27
          },
          {
            "angle": 51.0,
            "gain": -6.88
          },
          {
            "angle": 54.0,
            "gain": -6.69
          },
          {
            "angle": 57.0,
            "gain": -6.81
          },
          {
            "angle": 60.0,
            "gain": -6.53
          },
          {
            "angle": 63.0,
            "gain": -6.23
          },
          {
            "angle": 66.0,
            "gain": -5.76
          },
          {
            "angle": 69.0,
            "gain": -5.54
          },
          {
            "angle": 72.0,
            "gain": -5.55
          },
          {
            "angle": 75.0,
            "gain": -5.26
          },
          {
            "angle": 78.0,
            "gain": -5.51
          },
          {
            "angle": 81.0,
            "gain": -5.7
          },
          {
            "angle": 84.0,
            "gain": -5.86
          },
          {
            "angle": 87.0,
            "gain": -5.92
          },
          {
            "angle": 90.0,
            "gain": -6.14
          },
          {
            "angle": 93.0,
            "gain": -6.05
          },
          {
            "angle": 96.0,
            "gain": -5.91
          },
          {
            "angle": 99.0,
            "gain": -5.69
          },
          {
            "angle": 102.0,
            "gain": -5.13
          },
          {
            "angle": 105.0,
            "gain": -4.92
          },
          {
            "angle": 108.0,
            "gain": -5.03
          },
          {
            "angle": 111.0,
            "gain": -5.27
          },
          {
            "angle": 114.0,
            "gain": -5.5
          },
          {
            "angle": 117.0,
            "gain": -5.95
          },
          {
            "angle": 120.0,
            "gain": -6.43
          },
          {
            "angle": 123.0,
            "gain": -6.11
          },
          {
            "angle": 126.0,
            "gain": -6.01
          },
          {
            "angle": 129.0,
            "gain": -5.74
          },
          {
            "angle": 132.0,
            "gain": -5.97
          },
          {
            "angle": 135.0,
            "gain": -6.28
          },
          {
            "angle": 138.0,
            "gain": -6.46
          },
          {
            "angle": 141.0,
            "gain": -6.48
          },
          {
            "angle": 144.0,
            "gain": -7.07
          },
          {
            "angle": 147.0,
            "gain": -7.48
          },
          {
            "angle": 150.0,
            "gain": -7.14
          },
          {
            "angle": 153.0,
            "gain": -6.43
          },
          {
            "angle": 156.0,
            "gain": -5.79
          },
          {
            "angle": 159.0,
            "gain": -5.35
          },
          {
            "angle": 162.0,
            "gain": -5.28
          },
          {
            "angle": 165.0,
            "gain": -5.63
          },
          {
            "angle": 168.0,
            "gain": -6.18
          },
          {
            "angle": 171.0,
            "gain": -6.25
          },
          {
            "angle": 174.0,
            "gain": -6.5
          },
          {
            "angle": 177.0,
            "gain": -6.54
          },
          {
            "angle": 180.0,
            "gain": -6.31
          },
          {
            "angle": 183.0,
            "gain": -6.14
          },
          {
            "angle": 186.0,
            "gain": -6.15
          },
          {
            "angle": 189.0,
            "gain": -6.3
          },
          {
            "angle": 192.0,
            "gain": -5.98
          },
          {
            "angle": 195.0,
            "gain": -5.96
          },
          {
            "angle": 198.0,
            "gain": -5.52
          },
          {
            "angle": 201.0,
            "gain": -5.1
          },
          {
            "angle": 204.0,
            "gain": -5.23
          },
          {
            "angle": 207.0,
            "gain": -5.61
          },
          {
            "angle": 210.0,
            "gain": -6.36
          },
          {
            "angle": 213.0,
            "gain": -7.1
          },
          {
            "angle": 216.0,
            "gain": -6.65
          },
          {
            "angle": 219.0,
            "gain": -6.54
          },
          {
            "angle": 222.0,
            "gain": -6.11
          },
          {
            "angle": 225.0,
            "gain": -5.49
          },
          {
            "angle": 228.0,
            "gain": -5.4
          },
          {
            "angle": 231.0,
            "gain": -5.42
          },
          {
            "angle": 234.0,
            "gain": -5.59
          },
          {
            "angle": 237.0,
            "gain": -5.79
          },
          {
            "angle": 240.0,
            "gain": -6.23
          },
          {
            "angle": 243.0,
            "gain": -5.88
          },
          {
            "angle": 246.0,
            "gain": -5.92
          },
          {
            "angle": 249.0,
            "gain": -6.61
          },
          {
            "angle": 252.0,
            "gain": -6.12
          },
          {
            "angle": 255.0,
            "gain": -5.74
          },
          {
            "angle": 258.0,
            "gain": -5.72
          },
          {
            "angle": 261.0,
            "gain": -5.63
          },
          {
            "angle": 264.0,
            "gain": -5.74
          },
          {
            "angle": 267.0,
            "gain": -5.69
          },
          {
            "angle": 270.0,
            "gain": -5.43
          },
          {
            "angle": 273.0,
            "gain": -5.29
          },
          {
            "angle": 276.0,
            "gain": -5.28
          },
          {
            "angle": 279.0,
            "gain": -4.38
          },
          {
            "angle": 282.0,
            "gain": -3.71
          },
          {
            "angle": 285.0,
            "gain": -3.86
          },
          {
            "angle": 288.0,
            "gain": -4.29
          },
          {
            "angle": 291.0,
            "gain": -4.58
          },
          {
            "angle": 294.0,
            "gain": -4.67
          },
          {
            "angle": 297.0,
            "gain": -5.36
          },
          {
            "angle": 300.0,
            "gain": -6.48
          },
          {
            "angle": 303.0,
            "gain": -6.31
          },
          {
            "angle": 306.0,
            "gain": -5.45
          },
          {
            "angle": 309.0,
            "gain": -5.43
          },
          {
            "angle": 312.0,
            "gain": -5.79
          },
          {
            "angle": 315.0,
            "gain": -6.55
          },
          {
            "angle": 318.0,
            "gain": -6.16
          },
          {
            "angle": 321.0,
            "gain": -5.95
          },
          {
            "angle": 324.0,
            "gain": -6.2
          },
          {
            "angle": 327.0,
            "gain": -6.52
          },
          {
            "angle": 330.0,
            "gain": -6.38
          },
          {
            "angle": 333.0,
            "gain": -5.61
          },
          {
            "angle": 336.0,
            "gain": -5.28
          },
          {
            "angle": 339.0,
            "gain": -5.42
          },
          {
            "angle": 342.0,
            "gain": -5.76
          },
          {
            "angle": 345.0,
            "gain": -5.63
          },
          {
            "angle": 348.0,
            "gain": -5.55
          },
          {
            "angle": 351.0,
            "gain": -5.42
          },
          {
            "angle": 354.0,
            "gain": -5.03
          },
          {
            "angle": 357.0,
            "gain": -4.4
          }
        ]
      },
      "eplane": {
        "alignmentAngle": 90.0,
        "gains": [
          {
            "angle": 0.0,
            "gain": 7.65
          },
          {
            "angle": 3.0,
            "gain": 8.07
          },
          {
            "angle": 6.0,
            "gain": 8.47
          },
          {
            "angle": 9.0,
            "gain": 8.56
          },
          {
            "angle": 12.0,
            "gain": 8.27
          },
          {
            "angle": 15.0,
            "gain": 7.68
          },
          {
            "angle": 18.0,
            "gain": 6.78
          },
          {
            "angle": 21.0,
            "gain": 6.44
          },
          {
            "angle": 24.0,
            "gain": 6.27
          },
          {
            "angle": 27.0,
            "gain": 6.38
          },
          {
            "angle": 30.0,
            "gain": 6.29
          },
          {
            "angle": 33.0,
            "gain": 5.98
          },
          {
            "angle": 36.0,
            "gain": 5.56
          },
          {
            "angle": 39.0,
            "gain": 5.13
          },
          {
            "angle": 42.0,
            "gain": 4.91
          },
          {
            "angle": 45.0,
            "gain": 4.96
          },
          {
            "angle": 48.0,
            "gain": 5.0
          },
          {
            "angle": 51.0,
            "gain": 4.88
          },
          {
            "angle": 54.0,
            "gain": 4.54
          },
          {
            "angle": 57.0,
            "gain": 3.99
          },
          {
            "angle": 60.0,
            "gain": 3.32
          },
          {
            "angle": 63.0,
            "gain": 2.56
          },
          {
            "angle": 66.0,
            "gain": 1.66
          },
          {
            "angle": 69.0,
            "gain": 0.64
          },
          {
            "angle": 72.0,
            "gain": -0.46
          },
          {
            "angle": 75.0,
            "gain": -1.53
          },
          {
            "angle": 78.0,
            "gain": -2.57
          },
          {
            "angle": 81.0,
            "gain": -3.53
          },
          {
            "angle": 84.0,
            "gain": -4.49
          },
          {
            "angle": 87.0,
            "gain": -5.55
          },
          {
            "angle": 90.0,
            "gain": -5.83
          },
          {
            "angle": 93.0,
            "gain": -7.02
          },
          {
            "angle": 96.0,
            "gain": -7.49
          },
          {
            "angle": 99.0,
            "gain": -8.16
          },
          {
            "angle": 102.0,
            "gain": -8.99
          },
          {
            "angle": 105.0,
            "gain": -9.64
          },
          {
            "angle": 108.0,
            "gain": -10.35
          },
          {
            "angle": 111.0,
            "gain": -11.07
          },
          {
            "angle": 114.0,
            "gain": -10.54
          },
          {
            "angle": 117.0,
            "gain": -10.96
          },
          {
            "angle": 120.0,
            "gain": -10.69
          },
          {
            "angle": 123.0,
            "gain": -10.67
          },
          {
            "angle": 126.0,
            "gain": -10.72
          },
          {
            "angle": 129.0,
            "gain": -11.12
          },
          {
            "angle": 132.0,
            "gain": -12.11
          },
          {
            "angle": 135.0,
            "gain": -11.73
          },
          {
            "angle": 138.0,
            "gain": -11.58
          },
          {
            "angle": 141.0,
            "gain": -10.64
          },
          {
            "angle": 144.0,
            "gain": -10.86
          },
          {
            "angle": 147.0,
            "gain": -11.4
          },
          {
            "angle": 150.0,
            "gain": -12.19
          },
          {
            "angle": 153.0,
            "gain": -12.99
          },
          {
            "angle": 156.0,
            "gain": -14.59
          },
          {
            "angle": 159.0,
            "gain": -15.52
          },
          {
            "angle": 162.0,
            "gain": -14.63
          },
          {
            "angle": 165.0,
            "gain": -14.32
          },
          {
            "angle": 168.0,
            "gain": -14.26
          },
          {
            "angle": 171.0,
            "gain": -13.17
          },
          {
            "angle": 174.0,
            "gain": -14.0
          },
          {
            "angle": 177.0,
            "gain": -15.87
          },
          {
            "angle": 180.0,
            "gain": -16.14
          },
          {
            "angle": 183.0,
            "gain": -16.29
          },
          {
            "angle": 186.0,
            "gain": -15.72
          },
          {
            "angle": 189.0,
            "gain": -15.94
          },
          {
            "angle": 192.0,
            "gain": -17.38
          },
          {
            "angle": 195.0,
            "gain": -17.75
          },
          {
            "angle": 198.0,
            "gain": -13.58
          },
          {
            "angle": 201.0,
            "gain": -11.13
          },
          {
            "angle": 204.0,
            "gain": -10.63
          },
          {
            "angle": 207.0,
            "gain": -11.69
          },
          {
            "angle": 210.0,
            "gain": -13.26
          },
          {
            "angle": 213.0,
            "gain": -13.63
          },
          {
            "angle": 216.0,
            "gain": -12.54
          },
          {
            "angle": 219.0,
            "gain": -12.0
          },
          {
            "angle": 222.0,
            "gain": -11.61
          },
          {
            "angle": 225.0,
            "gain": -11.8
          },
          {
            "angle": 228.0,
            "gain": -12.24
          },
          {
            "angle": 231.0,
            "gain": -12.25
          },
          {
            "angle": 234.0,
            "gain": -11.91
          },
          {
            "angle": 237.0,
            "gain": -11.59
          },
          {
            "angle": 240.0,
            "gain": -11.71
          },
          {
            "angle": 243.0,
            "gain": -11.52
          },
          {
            "angle": 246.0,
            "gain": -11.05
          },
          {
            "angle": 249.0,
            "gain": -10.83
          },
          {
            "angle": 252.0,
            "gain": -10.99
          },
          {
            "angle": 255.0,
            "gain": -10.56
          },
          {
            "angle": 258.0,
            "gain": -9.78
          },
          {
            "angle": 261.0,
            "gain": -8.68
          },
          {
            "angle": 264.0,
            "gain": -7.87
          },
          {
            "angle": 267.0,
            "gain": -7.4
          },
          {
            "angle": 270.0,
            "gain": -6.79
          },
          {
            "angle": 273.0,
            "gain": -6.07
          },
          {
            "angle": 276.0,
            "gain": -5.03
          },
          {
            "angle": 279.0,
            "gain": -3.86
          },
          {
            "angle": 282.0,
            "gain": -2.61
          },
          {
            "angle": 285.0,
            "gain": -1.43
          },
          {
            "angle": 288.0,
            "gain": -0.54
          },
          {
            "angle": 291.0,
            "gain": 0.4
          },
          {
            "angle": 294.0,
            "gain": 1.43
          },
          {
            "angle": 297.0,
            "gain": 2.45
          },
          {
            "angle": 300.0,
            "gain": 3.27
          },
          {
            "angle": 303.0,
            "gain": 3.82
          },
          {
            "angle": 306.0,
            "gain": 4.27
          },
          {
            "angle": 309.0,
            "gain": 4.68
          },
          {
            "angle": 312.0,
            "gain": 5.04
          },
          {
            "angle": 315.0,
            "gain": 5.4
          },
          {
            "angle": 318.0,
            "gain": 5.64
          },
          {
            "angle": 321.0,
            "gain": 5.63
          },
          {
            "angle": 324.0,
            "gain": 5.57
          },
          {
            "angle": 327.0,
            "gain": 5.56
          },
          {
            "angle": 330.0,
            "gain": 5.83
          },
          {
            "angle": 333.0,
            "gain": 6.07
          },
          {
            "angle": 336.0,
            "gain": 6.28
          },
          {
            "angle": 339.0,
            "gain": 6.52
          },
          {
            "angle": 342.0,
            "gain": 6.83
          },
          {
            "angle": 345.0,
            "gain": 7.46
          },
          {
            "angle": 348.0,
            "gain": 7.93
          },
          {
            "angle": 351.0,
            "gain": 8.41
          },
          {
            "angle": 354.0,
            "gain": 8.42
          },
          {
            "angle": 357.0,
            "gain": 7.91
          }
        ]
      },
      "antennaWcsMapping": {
        "apModel": "AP2800I",
        "antennaName": "Internal-2800-5GHz",
        "antennaType": "Internal"
      },
      "radioTechnology": "IEEE802_11",
      "defaultMounting": "CEILING",
      "apCoupling": "EXTERNAL_ANTENNA",
      "id": "52768c36-4aea-4e23-adf8-c975d9a29732",
      "status": "CREATED"
    },
    {
      "name": "Cisco AP2802i 5GHz Macro",
      "directional": false,
      "defaultTiltAngle": 0.0,
      "frequencyBand": "FIVE",
      "apVendor": "Cisco",
      "apModel": "AP2802i",
      "maxGain": 5.0,
      "hplane": {
        "alignmentAngle": 0.0,
        "gains": [
          {
            "angle": 0.0,
            "gain": -0.18
          },
          {
            "angle": 3.0,
            "gain": 0.49
          },
          {
            "angle": 6.0,
            "gain": 0.87
          },
          {
            "angle": 9.0,
            "gain": 0.95
          },
          {
            "angle": 12.0,
            "gain": 0.52
          },
          {
            "angle": 15.0,
            "gain": 0.39
          },
          {
            "angle": 18.0,
            "gain": 0.19
          },
          {
            "angle": 21.0,
            "gain": 0.09
          },
          {
            "angle": 24.0,
            "gain": 0.14
          },
          {
            "angle": 27.0,
            "gain": 0.91
          },
          {
            "angle": 30.0,
            "gain": 0.67
          },
          {
            "angle": 33.0,
            "gain": 0.22
          },
          {
            "angle": 36.0,
            "gain": -0.06
          },
          {
            "angle": 39.0,
            "gain": -0.12
          },
          {
            "angle": 42.0,
            "gain": 0.23
          },
          {
            "angle": 45.0,
            "gain": 0.61
          },
          {
            "angle": 48.0,
            "gain": 0.27
          },
          {
            "angle": 51.0,
            "gain": 0.55
          },
          {
            "angle": 54.0,
            "gain": 0.73
          },
          {
            "angle": 57.0,
            "gain": 0.52
          },
          {
            "angle": 60.0,
            "gain": -0.12
          },
          {
            "angle": 63.0,
            "gain": -0.48
          },
          {
            "angle": 66.0,
            "gain": -0.82
          },
          {
            "angle": 69.0,
            "gain": -1.03
          },
          {
            "angle": 72.0,
            "gain": -1.03
          },
          {
            "angle": 75.0,
            "gain": -0.89
          },
          {
            "angle": 78.0,
            "gain": -0.97
          },
          {
            "angle": 81.0,
            "gain": -1.28
          },
          {
            "angle": 84.0,
            "gain": -1.42
          },
          {
            "angle": 87.0,
            "gain": -1.01
          },
          {
            "angle": 90.0,
            "gain": -0.82
          },
          {
            "angle": 93.0,
            "gain": -1.1
          },
          {
            "angle": 96.0,
            "gain": -1.1
          },
          {
            "angle": 99.0,
            "gain": -1.16
          },
          {
            "angle": 102.0,
            "gain": -0.84
          },
          {
            "angle": 105.0,
            "gain": -0.97
          },
          {
            "angle": 108.0,
            "gain": -0.71
          },
          {
            "angle": 111.0,
            "gain": -0.71
          },
          {
            "angle": 114.0,
            "gain": -0.97
          },
          {
            "angle": 117.0,
            "gain": -0.83
          },
          {
            "angle": 120.0,
            "gain": -0.6
          },
          {
            "angle": 123.0,
            "gain": -0.53
          },
          {
            "angle": 126.0,
            "gain": -0.53
          },
          {
            "angle": 129.0,
            "gain": -0.69
          },
          {
            "angle": 132.0,
            "gain": -0.65
          },
          {
            "angle": 135.0,
            "gain": 0.19
          },
          {
            "angle": 138.0,
            "gain": 0.53
          },
          {
            "angle": 141.0,
            "gain": -0.29
          },
          {
            "angle": 144.0,
            "gain": -0.04
          },
          {
            "angle": 147.0,
            "gain": 0.13
          },
          {
            "angle": 150.0,
            "gain": -0.37
          },
          {
            "angle": 153.0,
            "gain": -0.92
          },
          {
            "angle": 156.0,
            "gain": -1.01
          },
          {
            "angle": 159.0,
            "gain": -0.73
          },
          {
            "angle": 162.0,
            "gain": -0.49
          },
          {
            "angle": 165.0,
            "gain": -0.85
          },
          {
            "angle": 168.0,
            "gain": -0.92
          },
          {
            "angle": 171.0,
            "gain": -0.68
          },
          {
            "angle": 174.0,
            "gain": -1.25
          },
          {
            "angle": 177.0,
            "gain": -1.43
          },
          {
            "angle": 180.0,
            "gain": -1.12
          },
          {
            "angle": 183.0,
            "gain": -1.13
          },
          {
            "angle": 186.0,
            "gain": -1.12
          },
          {
            "angle": 189.0,
            "gain": -0.95
          },
          {
            "angle": 192.0,
            "gain": -0.81
          },
          {
            "angle": 195.0,
            "gain": -0.91
          },
          {
            "angle": 198.0,
            "gain": -1.04
          },
          {
            "angle": 201.0,
            "gain": -1.0
          },
          {
            "angle": 204.0,
            "gain": -0.57
          },
          {
            "angle": 207.0,
            "gain": -0.08
          },
          {
            "angle": 210.0,
            "gain": -0.57
          },
          {
            "angle": 213.0,
            "gain": -0.46
          },
          {
            "angle": 216.0,
            "gain": -0.23
          },
          {
            "angle": 219.0,
            "gain": -0.43
          },
          {
            "angle": 222.0,
            "gain": -0.06
          },
          {
            "angle": 225.0,
            "gain": 0.17
          },
          {
            "angle": 228.0,
            "gain": 0.25
          },
          {
            "angle": 231.0,
            "gain": 0.5
          },
          {
            "angle": 234.0,
            "gain": 1.21
          },
          {
            "angle": 237.0,
            "gain": 1.42
          },
          {
            "angle": 240.0,
            "gain": 0.95
          },
          {
            "angle": 243.0,
            "gain": -0.14
          },
          {
            "angle": 246.0,
            "gain": -0.58
          },
          {
            "angle": 249.0,
            "gain": -0.61
          },
          {
            "angle": 252.0,
            "gain": -0.57
          },
          {
            "angle": 255.0,
            "gain": -0.42
          },
          {
            "angle": 258.0,
            "gain": -0.38
          },
          {
            "angle": 261.0,
            "gain": -0.66
          },
          {
            "angle": 264.0,
            "gain": -0.81
          },
          {
            "angle": 267.0,
            "gain": -1.14
          },
          {
            "angle": 270.0,
            "gain": -0.67
          },
          {
            "angle": 273.0,
            "gain": -0.27
          },
          {
            "angle": 276.0,
            "gain": 0.38
          },
          {
            "angle": 279.0,
            "gain": 0.9
          },
          {
            "angle": 282.0,
            "gain": 1.08
          },
          {
            "angle": 285.0,
            "gain": 0.77
          },
          {
            "angle": 288.0,
            "gain": 0.46
          },
          {
            "angle": 291.0,
            "gain": 0.75
          },
          {
            "angle": 294.0,
            "gain": 0.36
          },
          {
            "angle": 297.0,
            "gain": -0.06
          },
          {
            "angle": 300.0,
            "gain": 0.45
          },
          {
            "angle": 303.0,
            "gain": 0.71
          },
          {
            "angle": 306.0,
            "gain": 0.58
          },
          {
            "angle": 309.0,
            "gain": 0.39
          },
          {
            "angle": 312.0,
            "gain": 0.36
          },
          {
            "angle": 315.0,
            "gain": 0.57
          },
          {
            "angle": 318.0,
            "gain": 0.9
          },
          {
            "angle": 321.0,
            "gain": 1.03
          },
          {
            "angle": 324.0,
            "gain": 0.92
          },
          {
            "angle": 327.0,
            "gain": 0.59
          },
          {
            "angle": 330.0,
            "gain": 0.2
          },
          {
            "angle": 333.0,
            "gain": -0.39
          },
          {
            "angle": 336.0,
            "gain": -0.42
          },
          {
            "angle": 339.0,
            "gain": -0.93
          },
          {
            "angle": 342.0,
            "gain": -1.58
          },
          {
            "angle": 345.0,
            "gain": -1.74
          },
          {
            "angle": 348.0,
            "gain": -1.9
          },
          {
            "angle": 351.0,
            "gain": -1.63
          },
          {
            "angle": 354.0,
            "gain": -0.9
          },
          {
            "angle": 357.0,
            "gain": -0.57
          }
        ]
      },
      "eplane": {
        "alignmentAngle": 90.0,
        "gains": [
          {
            "angle": 0.0,
            "gain": -3.97
          },
          {
            "angle": 3.0,
            "gain": -4.7
          },
          {
            "angle": 6.0,
            "gain": -3.57
          },
          {
            "angle": 9.0,
            "gain": -2.13
          },
          {
            "angle": 12.0,
            "gain": -0.47
          },
          {
            "angle": 15.0,
            "gain": 0.87
          },
          {
            "angle": 18.0,
            "gain": 1.37
          },
          {
            "angle": 21.0,
            "gain": 1.65
          },
          {
            "angle": 24.0,
            "gain": 2.12
          },
          {
            "angle": 27.0,
            "gain": 3.09
          },
          {
            "angle": 30.0,
            "gain": 4.15
          },
          {
            "angle": 33.0,
            "gain": 4.62
          },
          {
            "angle": 36.0,
            "gain": 4.5
          },
          {
            "angle": 39.0,
            "gain": 4.09
          },
          {
            "angle": 42.0,
            "gain": 3.53
          },
          {
            "angle": 45.0,
            "gain": 2.85
          },
          {
            "angle": 48.0,
            "gain": 2.84
          },
          {
            "angle": 51.0,
            "gain": 2.97
          },
          {
            "angle": 54.0,
            "gain": 3.07
          },
          {
            "angle": 57.0,
            "gain": 3.17
          },
          {
            "angle": 60.0,
            "gain": 3.28
          },
          {
            "angle": 63.0,
            "gain": 3.29
          },
          {
            "angle": 66.0,
            "gain": 2.96
          },
          {
            "angle": 69.0,
            "gain": 2.49
          },
          {
            "angle": 72.0,
            "gain": 1.92
          },
          {
            "angle": 75.0,
            "gain": 1.2
          },
          {
            "angle": 78.0,
            "gain": 0.72
          },
          {
            "angle": 81.0,
            "gain": -0.03
          },
          {
            "angle": 84.0,
            "gain": -0.42
          },
          {
            "angle": 87.0,
            "gain": -1.16
          },
          {
            "angle": 90.0,
            "gain": -1.43
          },
          {
            "angle": 93.0,
            "gain": -1.6
          },
          {
            "angle": 96.0,
            "gain": -1.82
          },
          {
            "angle": 99.0,
            "gain": -2.11
          },
          {
            "angle": 102.0,
            "gain": -2.54
          },
          {
            "angle": 105.0,
            "gain": -2.91
          },
          {
            "angle": 108.0,
            "gain": -2.76
          },
          {
            "angle": 111.0,
            "gain": -1.98
          },
          {
            "angle": 114.0,
            "gain": -1.57
          },
          {
            "angle": 117.0,
            "gain": -1.75
          },
          {
            "angle": 120.0,
            "gain": -2.49
          },
          {
            "angle": 123.0,
            "gain": -3.22
          },
          {
            "angle": 126.0,
            "gain": -3.01
          },
          {
            "angle": 129.0,
            "gain": -3.14
          },
          {
            "angle": 132.0,
            "gain": -3.66
          },
          {
            "angle": 135.0,
            "gain": -4.96
          },
          {
            "angle": 138.0,
            "gain": -6.28
          },
          {
            "angle": 141.0,
            "gain": -7.32
          },
          {
            "angle": 144.0,
            "gain": -4.8
          },
          {
            "angle": 147.0,
            "gain": -3.82
          },
          {
            "angle": 150.0,
            "gain": -4.3
          },
          {
            "angle": 153.0,
            "gain": -6.14
          },
          {
            "angle": 156.0,
            "gain": -8.2
          },
          {
            "angle": 159.0,
            "gain": -5.7
          },
          {
            "angle": 162.0,
            "gain": -6.06
          },
          {
            "angle": 165.0,
            "gain": -6.56
          },
          {
            "angle": 168.0,
            "gain": -4.61
          },
          {
            "angle": 171.0,
            "gain": -5.34
          },
          {
            "angle": 174.0,
            "gain": -7.07
          },
          {
            "angle": 177.0,
            "gain": -6.09
          },
          {
            "angle": 180.0,
            "gain": -5.68
          },
          {
            "angle": 183.0,
            "gain": -4.97
          },
          {
            "angle": 186.0,
            "gain": -4.48
          },
          {
            "angle": 189.0,
            "gain": -4.63
          },
          {
            "angle": 192.0,
            "gain": -5.28
          },
          {
            "angle": 195.0,
            "gain": -6.87
          },
          {
            "angle": 198.0,
            "gain": -6.36
          },
          {
            "angle": 201.0,
            "gain": -6.72
          },
          {
            "angle": 204.0,
            "gain": -7.41
          },
          {
            "angle": 207.0,
            "gain": -7.17
          },
          {
            "angle": 210.0,
            "gain": -7.29
          },
          {
            "angle": 213.0,
            "gain": -6.21
          },
          {
            "angle": 216.0,
            "gain": -5.54
          },
          {
            "angle": 219.0,
            "gain": -5.94
          },
          {
            "angle": 222.0,
            "gain": -4.73
          },
          {
            "angle": 225.0,
            "gain": -3.97
          },
          {
            "angle": 228.0,
            "gain": -2.8
          },
          {
            "angle": 231.0,
            "gain": -2.85
          },
          {
            "angle": 234.0,
            "gain": -3.25
          },
          {
            "angle": 237.0,
            "gain": -2.62
          },
          {
            "angle": 240.0,
            "gain": -2.73
          },
          {
            "angle": 243.0,
            "gain": -2.75
          },
          {
            "angle": 246.0,
            "gain": -2.58
          },
          {
            "angle": 249.0,
            "gain": -2.59
          },
          {
            "angle": 252.0,
            "gain": -2.88
          },
          {
            "angle": 255.0,
            "gain": -3.14
          },
          {
            "angle": 258.0,
            "gain": -2.63
          },
          {
            "angle": 261.0,
            "gain": -2.26
          },
          {
            "angle": 264.0,
            "gain": -1.99
          },
          {
            "angle": 267.0,
            "gain": -1.69
          },
          {
            "angle": 270.0,
            "gain": -1.84
          },
          {
            "angle": 273.0,
            "gain": -1.56
          },
          {
            "angle": 276.0,
            "gain": -0.8
          },
          {
            "angle": 279.0,
            "gain": -0.28
          },
          {
            "angle": 282.0,
            "gain": 0.45
          },
          {
            "angle": 285.0,
            "gain": 1.22
          },
          {
            "angle": 288.0,
            "gain": 1.8
          },
          {
            "angle": 291.0,
            "gain": 2.31
          },
          {
            "angle": 294.0,
            "gain": 2.85
          },
          {
            "angle": 297.0,
            "gain": 3.37
          },
          {
            "angle": 300.0,
            "gain": 3.9
          },
          {
            "angle": 303.0,
            "gain": 4.33
          },
          {
            "angle": 306.0,
            "gain": 4.56
          },
          {
            "angle": 309.0,
            "gain": 4.77
          },
          {
            "angle": 312.0,
            "gain": 4.77
          },
          {
            "angle": 315.0,
            "gain": 4.37
          },
          {
            "angle": 318.0,
            "gain": 4.06
          },
          {
            "angle": 321.0,
            "gain": 4.03
          },
          {
            "angle": 324.0,
            "gain": 4.05
          },
          {
            "angle": 327.0,
            "gain": 3.98
          },
          {
            "angle": 330.0,
            "gain": 3.89
          },
          {
            "angle": 333.0,
            "gain": 3.13
          },
          {
            "angle": 336.0,
            "gain": 1.88
          },
          {
            "angle": 339.0,
            "gain": 1.46
          },
          {
            "angle": 342.0,
            "gain": 0.7
          },
          {
            "angle": 345.0,
            "gain": -1.44
          },
          {
            "angle": 348.0,
            "gain": -2.17
          },
          {
            "angle": 351.0,
            "gain": -2.29
          },
          {
            "angle": 354.0,
            "gain": -3.23
          },
          {
            "angle": 357.0,
            "gain": -2.95
          }
        ]
      },
      "antennaWcsMapping": {
        "apModel": "AP2800I",
        "antennaName": "Internal-2800-5GHz",
        "antennaType": "Internal"
      },
      "radioTechnology": "IEEE802_11",
      "defaultMounting": "CEILING",
      "apCoupling": "EXTERNAL_ANTENNA",
      "id": "d408bff9-4379-4c37-b836-7dc4401c82dc",
      "status": "CREATED"
    },
    {
      "name": "Cisco AP2802i 2.4GHz Macro",
      "directional": false,
      "defaultTiltAngle": 0.0,
      "frequencyBand": "TWO",
      "apVendor": "Cisco",
      "apModel": "AP2802i",
      "maxGain": 4.0,
      "hplane": {
        "alignmentAngle": 0.0,
        "gains": [
          {
            "angle": 0.0,
            "gain": 0.26
          },
          {
            "angle": 3.0,
            "gain": 0.24
          },
          {
            "angle": 6.0,
            "gain": 0.39
          },
          {
            "angle": 9.0,
            "gain": 0.7
          },
          {
            "angle": 12.0,
            "gain": 1.08
          },
          {
            "angle": 15.0,
            "gain": 1.42
          },
          {
            "angle": 18.0,
            "gain": 1.59
          },
          {
            "angle": 21.0,
            "gain": 1.56
          },
          {
            "angle": 24.0,
            "gain": 1.25
          },
          {
            "angle": 27.0,
            "gain": 0.85
          },
          {
            "angle": 30.0,
            "gain": 1.04
          },
          {
            "angle": 33.0,
            "gain": 1.09
          },
          {
            "angle": 36.0,
            "gain": 0.99
          },
          {
            "angle": 39.0,
            "gain": 0.88
          },
          {
            "angle": 42.0,
            "gain": 0.62
          },
          {
            "angle": 45.0,
            "gain": 0.68
          },
          {
            "angle": 48.0,
            "gain": 0.73
          },
          {
            "angle": 51.0,
            "gain": 0.81
          },
          {
            "angle": 54.0,
            "gain": 1.13
          },
          {
            "angle": 57.0,
            "gain": 1.41
          },
          {
            "angle": 60.0,
            "gain": 1.62
          },
          {
            "angle": 63.0,
            "gain": 1.77
          },
          {
            "angle": 66.0,
            "gain": 1.81
          },
          {
            "angle": 69.0,
            "gain": 1.73
          },
          {
            "angle": 72.0,
            "gain": 1.54
          },
          {
            "angle": 75.0,
            "gain": 1.26
          },
          {
            "angle": 78.0,
            "gain": 0.9
          },
          {
            "angle": 81.0,
            "gain": 0.49
          },
          {
            "angle": 84.0,
            "gain": 0.15
          },
          {
            "angle": 87.0,
            "gain": -0.04
          },
          {
            "angle": 90.0,
            "gain": -0.09
          },
          {
            "angle": 93.0,
            "gain": -0.12
          },
          {
            "angle": 96.0,
            "gain": -0.17
          },
          {
            "angle": 99.0,
            "gain": -0.23
          },
          {
            "angle": 102.0,
            "gain": -0.2
          },
          {
            "angle": 105.0,
            "gain": -0.1
          },
          {
            "angle": 108.0,
            "gain": 0.13
          },
          {
            "angle": 111.0,
            "gain": 0.45
          },
          {
            "angle": 114.0,
            "gain": 0.83
          },
          {
            "angle": 117.0,
            "gain": 1.21
          },
          {
            "angle": 120.0,
            "gain": 1.55
          },
          {
            "angle": 123.0,
            "gain": 1.83
          },
          {
            "angle": 126.0,
            "gain": 2.06
          },
          {
            "angle": 129.0,
            "gain": 2.2
          },
          {
            "angle": 132.0,
            "gain": 2.26
          },
          {
            "angle": 135.0,
            "gain": 2.25
          },
          {
            "angle": 138.0,
            "gain": 2.18
          },
          {
            "angle": 141.0,
            "gain": 2.03
          },
          {
            "angle": 144.0,
            "gain": 1.82
          },
          {
            "angle": 147.0,
            "gain": 1.56
          },
          {
            "angle": 150.0,
            "gain": 1.25
          },
          {
            "angle": 153.0,
            "gain": 0.91
          },
          {
            "angle": 156.0,
            "gain": 0.56
          },
          {
            "angle": 159.0,
            "gain": 0.23
          },
          {
            "angle": 162.0,
            "gain": -0.1
          },
          {
            "angle": 165.0,
            "gain": -0.18
          },
          {
            "angle": 168.0,
            "gain": -0.28
          },
          {
            "angle": 171.0,
            "gain": -0.24
          },
          {
            "angle": 174.0,
            "gain": -0.3
          },
          {
            "angle": 177.0,
            "gain": -0.45
          },
          {
            "angle": 180.0,
            "gain": -0.66
          },
          {
            "angle": 183.0,
            "gain": -0.78
          },
          {
            "angle": 186.0,
            "gain": -0.73
          },
          {
            "angle": 189.0,
            "gain": -0.6
          },
          {
            "angle": 192.0,
            "gain": -0.57
          },
          {
            "angle": 195.0,
            "gain": -0.31
          },
          {
            "angle": 198.0,
            "gain": 0.0
          },
          {
            "angle": 201.0,
            "gain": 0.12
          },
          {
            "angle": 204.0,
            "gain": 0.05
          },
          {
            "angle": 207.0,
            "gain": -0.1
          },
          {
            "angle": 210.0,
            "gain": -0.3
          },
          {
            "angle": 213.0,
            "gain": -0.19
          },
          {
            "angle": 216.0,
            "gain": 0.2
          },
          {
            "angle": 219.0,
            "gain": 0.54
          },
          {
            "angle": 222.0,
            "gain": 0.83
          },
          {
            "angle": 225.0,
            "gain": 1.09
          },
          {
            "angle": 228.0,
            "gain": 1.28
          },
          {
            "angle": 231.0,
            "gain": 1.42
          },
          {
            "angle": 234.0,
            "gain": 1.49
          },
          {
            "angle": 237.0,
            "gain": 1.48
          },
          {
            "angle": 240.0,
            "gain": 1.41
          },
          {
            "angle": 243.0,
            "gain": 1.25
          },
          {
            "angle": 246.0,
            "gain": 1.03
          },
          {
            "angle": 249.0,
            "gain": 0.71
          },
          {
            "angle": 252.0,
            "gain": 0.37
          },
          {
            "angle": 255.0,
            "gain": 0.12
          },
          {
            "angle": 258.0,
            "gain": -0.22
          },
          {
            "angle": 261.0,
            "gain": -0.41
          },
          {
            "angle": 264.0,
            "gain": -0.4
          },
          {
            "angle": 267.0,
            "gain": -0.18
          },
          {
            "angle": 270.0,
            "gain": 0.11
          },
          {
            "angle": 273.0,
            "gain": 0.4
          },
          {
            "angle": 276.0,
            "gain": 0.63
          },
          {
            "angle": 279.0,
            "gain": 0.72
          },
          {
            "angle": 282.0,
            "gain": 0.7
          },
          {
            "angle": 285.0,
            "gain": 0.61
          },
          {
            "angle": 288.0,
            "gain": 0.49
          },
          {
            "angle": 291.0,
            "gain": 0.53
          },
          {
            "angle": 294.0,
            "gain": 0.39
          },
          {
            "angle": 297.0,
            "gain": 0.08
          },
          {
            "angle": 300.0,
            "gain": 0.0
          },
          {
            "angle": 303.0,
            "gain": 0.07
          },
          {
            "angle": 306.0,
            "gain": 0.44
          },
          {
            "angle": 309.0,
            "gain": 0.78
          },
          {
            "angle": 312.0,
            "gain": 1.02
          },
          {
            "angle": 315.0,
            "gain": 1.18
          },
          {
            "angle": 318.0,
            "gain": 1.28
          },
          {
            "angle": 321.0,
            "gain": 1.32
          },
          {
            "angle": 324.0,
            "gain": 1.31
          },
          {
            "angle": 327.0,
            "gain": 1.21
          },
          {
            "angle": 330.0,
            "gain": 1.12
          },
          {
            "angle": 333.0,
            "gain": 1.02
          },
          {
            "angle": 336.0,
            "gain": 0.86
          },
          {
            "angle": 339.0,
            "gain": 0.83
          },
          {
            "angle": 342.0,
            "gain": 1.01
          },
          {
            "angle": 345.0,
            "gain": 1.08
          },
          {
            "angle": 348.0,
            "gain": 1.06
          },
          {
            "angle": 351.0,
            "gain": 0.86
          },
          {
            "angle": 354.0,
            "gain": 0.65
          },
          {
            "angle": 357.0,
            "gain": 0.45
          }
        ]
      },
      "eplane": {
        "alignmentAngle": 90.0,
        "gains": [
          {
            "angle": 0.0,
            "gain": -5.68
          },
          {
            "angle": 3.0,
            "gain": -5.22
          },
          {
            "angle": 6.0,
            "gain": -4.26
          },
          {
            "angle": 9.0,
            "gain": -3.2
          },
          {
            "angle": 12.0,
            "gain": -2.32
          },
          {
            "angle": 15.0,
            "gain": -1.68
          },
          {
            "angle": 18.0,
            "gain": -1.29
          },
          {
            "angle": 21.0,
            "gain": -1.08
          },
          {
            "angle": 24.0,
            "gain": -1.01
          },
          {
            "angle": 27.0,
            "gain": -1.06
          },
          {
            "angle": 30.0,
            "gain": -1.17
          },
          {
            "angle": 33.0,
            "gain": -1.29
          },
          {
            "angle": 36.0,
            "gain": -0.51
          },
          {
            "angle": 39.0,
            "gain": 0.29
          },
          {
            "angle": 42.0,
            "gain": 0.88
          },
          {
            "angle": 45.0,
            "gain": 1.33
          },
          {
            "angle": 48.0,
            "gain": 1.67
          },
          {
            "angle": 51.0,
            "gain": 1.96
          },
          {
            "angle": 54.0,
            "gain": 2.18
          },
          {
            "angle": 57.0,
            "gain": 2.35
          },
          {
            "angle": 60.0,
            "gain": 2.4
          },
          {
            "angle": 63.0,
            "gain": 2.35
          },
          {
            "angle": 66.0,
            "gain": 2.18
          },
          {
            "angle": 69.0,
            "gain": 1.89
          },
          {
            "angle": 72.0,
            "gain": 1.48
          },
          {
            "angle": 75.0,
            "gain": 0.97
          },
          {
            "angle": 78.0,
            "gain": 0.36
          },
          {
            "angle": 81.0,
            "gain": 0.01
          },
          {
            "angle": 84.0,
            "gain": 0.06
          },
          {
            "angle": 87.0,
            "gain": -0.05
          },
          {
            "angle": 90.0,
            "gain": -0.2
          },
          {
            "angle": 93.0,
            "gain": -0.32
          },
          {
            "angle": 96.0,
            "gain": -0.39
          },
          {
            "angle": 99.0,
            "gain": -0.53
          },
          {
            "angle": 102.0,
            "gain": -0.86
          },
          {
            "angle": 105.0,
            "gain": -1.39
          },
          {
            "angle": 108.0,
            "gain": -2.0
          },
          {
            "angle": 111.0,
            "gain": -2.36
          },
          {
            "angle": 114.0,
            "gain": -2.7
          },
          {
            "angle": 117.0,
            "gain": -2.79
          },
          {
            "angle": 120.0,
            "gain": -2.5
          },
          {
            "angle": 123.0,
            "gain": -2.08
          },
          {
            "angle": 126.0,
            "gain": -1.68
          },
          {
            "angle": 129.0,
            "gain": -1.32
          },
          {
            "angle": 132.0,
            "gain": -1.09
          },
          {
            "angle": 135.0,
            "gain": -1.02
          },
          {
            "angle": 138.0,
            "gain": -1.13
          },
          {
            "angle": 141.0,
            "gain": -1.39
          },
          {
            "angle": 144.0,
            "gain": -1.78
          },
          {
            "angle": 147.0,
            "gain": -2.33
          },
          {
            "angle": 150.0,
            "gain": -3.17
          },
          {
            "angle": 153.0,
            "gain": -3.93
          },
          {
            "angle": 156.0,
            "gain": -4.79
          },
          {
            "angle": 159.0,
            "gain": -4.23
          },
          {
            "angle": 162.0,
            "gain": -3.86
          },
          {
            "angle": 165.0,
            "gain": -4.12
          },
          {
            "angle": 168.0,
            "gain": -3.88
          },
          {
            "angle": 171.0,
            "gain": -3.51
          },
          {
            "angle": 174.0,
            "gain": -3.58
          },
          {
            "angle": 177.0,
            "gain": -4.27
          },
          {
            "angle": 180.0,
            "gain": -4.83
          },
          {
            "angle": 183.0,
            "gain": -4.61
          },
          {
            "angle": 186.0,
            "gain": -4.6
          },
          {
            "angle": 189.0,
            "gain": -4.4
          },
          {
            "angle": 192.0,
            "gain": -4.34
          },
          {
            "angle": 195.0,
            "gain": -4.63
          },
          {
            "angle": 198.0,
            "gain": -4.96
          },
          {
            "angle": 201.0,
            "gain": -4.93
          },
          {
            "angle": 204.0,
            "gain": -4.62
          },
          {
            "angle": 207.0,
            "gain": -3.88
          },
          {
            "angle": 210.0,
            "gain": -3.23
          },
          {
            "angle": 213.0,
            "gain": -2.56
          },
          {
            "angle": 216.0,
            "gain": -2.23
          },
          {
            "angle": 219.0,
            "gain": -2.07
          },
          {
            "angle": 222.0,
            "gain": -2.06
          },
          {
            "angle": 225.0,
            "gain": -2.17
          },
          {
            "angle": 228.0,
            "gain": -2.33
          },
          {
            "angle": 231.0,
            "gain": -1.99
          },
          {
            "angle": 234.0,
            "gain": -1.67
          },
          {
            "angle": 237.0,
            "gain": -1.37
          },
          {
            "angle": 240.0,
            "gain": -1.17
          },
          {
            "angle": 243.0,
            "gain": -1.04
          },
          {
            "angle": 246.0,
            "gain": -1.05
          },
          {
            "angle": 249.0,
            "gain": -1.16
          },
          {
            "angle": 252.0,
            "gain": -1.24
          },
          {
            "angle": 255.0,
            "gain": -0.92
          },
          {
            "angle": 258.0,
            "gain": -0.53
          },
          {
            "angle": 261.0,
            "gain": -0.28
          },
          {
            "angle": 264.0,
            "gain": -0.12
          },
          {
            "angle": 267.0,
            "gain": -0.09
          },
          {
            "angle": 270.0,
            "gain": -0.19
          },
          {
            "angle": 273.0,
            "gain": -0.05
          },
          {
            "angle": 276.0,
            "gain": 0.31
          },
          {
            "angle": 279.0,
            "gain": 0.61
          },
          {
            "angle": 282.0,
            "gain": 0.83
          },
          {
            "angle": 285.0,
            "gain": 0.98
          },
          {
            "angle": 288.0,
            "gain": 1.1
          },
          {
            "angle": 291.0,
            "gain": 1.22
          },
          {
            "angle": 294.0,
            "gain": 1.36
          },
          {
            "angle": 297.0,
            "gain": 1.42
          },
          {
            "angle": 300.0,
            "gain": 1.36
          },
          {
            "angle": 303.0,
            "gain": 1.15
          },
          {
            "angle": 306.0,
            "gain": 0.88
          },
          {
            "angle": 309.0,
            "gain": 0.74
          },
          {
            "angle": 312.0,
            "gain": 0.54
          },
          {
            "angle": 315.0,
            "gain": 0.18
          },
          {
            "angle": 318.0,
            "gain": -0.37
          },
          {
            "angle": 321.0,
            "gain": -0.71
          },
          {
            "angle": 324.0,
            "gain": -0.72
          },
          {
            "angle": 327.0,
            "gain": -0.45
          },
          {
            "angle": 330.0,
            "gain": -0.19
          },
          {
            "angle": 333.0,
            "gain": 0.02
          },
          {
            "angle": 336.0,
            "gain": 0.11
          },
          {
            "angle": 339.0,
            "gain": 0.05
          },
          {
            "angle": 342.0,
            "gain": -0.21
          },
          {
            "angle": 345.0,
            "gain": -0.67
          },
          {
            "angle": 348.0,
            "gain": -1.32
          },
          {
            "angle": 351.0,
            "gain": -2.1
          },
          {
            "angle": 354.0,
            "gain": -3.13
          },
          {
            "angle": 357.0,
            "gain": -4.36
          }
        ]
      },
      "antennaWcsMapping": {
        "apModel": "AP2800I",
        "antennaName": "Internal-2800-2.4GHz",
        "antennaType": "Internal"
      },
      "radioTechnology": "IEEE802_11",
      "defaultMounting": "CEILING",
      "apCoupling": "EXTERNAL_ANTENNA",
      "id": "553bf358-3cd4-474b-a1c1-d264ce747173",
      "status": "CREATED"
    },
    {
      "name": "Cisco AP2802 BLE",
      "directional": false,
      "defaultTiltAngle": 0.0,
      "frequencyBand": "TWO",
      "apVendor": "Cisco",
      "apModel": "AP2802",
      "hplane": {
        "alignmentAngle": 0.0,
        "gains": [
          {
            "angle": 0.0,
            "gain": -8.64
          },
          {
            "angle": 3.0,
            "gain": -9.99
          },
          {
            "angle": 6.0,
            "gain": -12.42
          },
          {
            "angle": 9.0,
            "gain": -15.34
          },
          {
            "angle": 12.0,
            "gain": -16.93
          },
          {
            "angle": 15.0,
            "gain": -14.09
          },
          {
            "angle": 18.0,
            "gain": -10.48
          },
          {
            "angle": 21.0,
            "gain": -7.6
          },
          {
            "angle": 24.0,
            "gain": -5.75
          },
          {
            "angle": 27.0,
            "gain": -4.43
          },
          {
            "angle": 30.0,
            "gain": -3.55
          },
          {
            "angle": 33.0,
            "gain": -3.11
          },
          {
            "angle": 36.0,
            "gain": -3.02
          },
          {
            "angle": 39.0,
            "gain": -3.14
          },
          {
            "angle": 42.0,
            "gain": -3.44
          },
          {
            "angle": 45.0,
            "gain": -3.91
          },
          {
            "angle": 48.0,
            "gain": -4.7
          },
          {
            "angle": 51.0,
            "gain": -5.64
          },
          {
            "angle": 54.0,
            "gain": -6.68
          },
          {
            "angle": 57.0,
            "gain": -6.95
          },
          {
            "angle": 60.0,
            "gain": -5.9
          },
          {
            "angle": 63.0,
            "gain": -4.18
          },
          {
            "angle": 66.0,
            "gain": -3.13
          },
          {
            "angle": 69.0,
            "gain": -3.09
          },
          {
            "angle": 72.0,
            "gain": -4.41
          },
          {
            "angle": 75.0,
            "gain": -7.7
          },
          {
            "angle": 78.0,
            "gain": -10.67
          },
          {
            "angle": 81.0,
            "gain": -7.53
          },
          {
            "angle": 84.0,
            "gain": -3.94
          },
          {
            "angle": 87.0,
            "gain": -2.09
          },
          {
            "angle": 90.0,
            "gain": -1.53
          },
          {
            "angle": 93.0,
            "gain": -1.84
          },
          {
            "angle": 96.0,
            "gain": -2.77
          },
          {
            "angle": 99.0,
            "gain": -4.13
          },
          {
            "angle": 102.0,
            "gain": -5.86
          },
          {
            "angle": 105.0,
            "gain": -8.17
          },
          {
            "angle": 108.0,
            "gain": -10.38
          },
          {
            "angle": 111.0,
            "gain": -9.26
          },
          {
            "angle": 114.0,
            "gain": -5.84
          },
          {
            "angle": 117.0,
            "gain": -3.55
          },
          {
            "angle": 120.0,
            "gain": -2.5
          },
          {
            "angle": 123.0,
            "gain": -2.6
          },
          {
            "angle": 126.0,
            "gain": -4.07
          },
          {
            "angle": 129.0,
            "gain": -7.46
          },
          {
            "angle": 132.0,
            "gain": -13.42
          },
          {
            "angle": 135.0,
            "gain": -12.08
          },
          {
            "angle": 138.0,
            "gain": -7.33
          },
          {
            "angle": 141.0,
            "gain": -5.01
          },
          {
            "angle": 144.0,
            "gain": -4.16
          },
          {
            "angle": 147.0,
            "gain": -4.62
          },
          {
            "angle": 150.0,
            "gain": -5.54
          },
          {
            "angle": 153.0,
            "gain": -6.31
          },
          {
            "angle": 156.0,
            "gain": -6.3
          },
          {
            "angle": 159.0,
            "gain": -5.85
          },
          {
            "angle": 162.0,
            "gain": -5.33
          },
          {
            "angle": 165.0,
            "gain": -5.61
          },
          {
            "angle": 168.0,
            "gain": -6.61
          },
          {
            "angle": 171.0,
            "gain": -8.25
          },
          {
            "angle": 174.0,
            "gain": -10.73
          },
          {
            "angle": 177.0,
            "gain": -12.77
          },
          {
            "angle": 180.0,
            "gain": -12.29
          },
          {
            "angle": 183.0,
            "gain": -10.59
          },
          {
            "angle": 186.0,
            "gain": -8.93
          },
          {
            "angle": 189.0,
            "gain": -7.85
          },
          {
            "angle": 192.0,
            "gain": -6.89
          },
          {
            "angle": 195.0,
            "gain": -5.89
          },
          {
            "angle": 198.0,
            "gain": -4.95
          },
          {
            "angle": 201.0,
            "gain": -3.96
          },
          {
            "angle": 204.0,
            "gain": -3.18
          },
          {
            "angle": 207.0,
            "gain": -2.75
          },
          {
            "angle": 210.0,
            "gain": -2.79
          },
          {
            "angle": 213.0,
            "gain": -3.38
          },
          {
            "angle": 216.0,
            "gain": -4.55
          },
          {
            "angle": 219.0,
            "gain": -6.0
          },
          {
            "angle": 222.0,
            "gain": -6.46
          },
          {
            "angle": 225.0,
            "gain": -5.07
          },
          {
            "angle": 228.0,
            "gain": -3.41
          },
          {
            "angle": 231.0,
            "gain": -2.27
          },
          {
            "angle": 234.0,
            "gain": -2.11
          },
          {
            "angle": 237.0,
            "gain": -2.83
          },
          {
            "angle": 240.0,
            "gain": -3.72
          },
          {
            "angle": 243.0,
            "gain": -3.59
          },
          {
            "angle": 246.0,
            "gain": -2.44
          },
          {
            "angle": 249.0,
            "gain": -1.69
          },
          {
            "angle": 252.0,
            "gain": -2.25
          },
          {
            "angle": 255.0,
            "gain": -4.27
          },
          {
            "angle": 258.0,
            "gain": -7.92
          },
          {
            "angle": 261.0,
            "gain": -10.03
          },
          {
            "angle": 264.0,
            "gain": -7.58
          },
          {
            "angle": 267.0,
            "gain": -6.05
          },
          {
            "angle": 270.0,
            "gain": -6.39
          },
          {
            "angle": 273.0,
            "gain": -7.93
          },
          {
            "angle": 276.0,
            "gain": -8.66
          },
          {
            "angle": 279.0,
            "gain": -6.63
          },
          {
            "angle": 282.0,
            "gain": -5.04
          },
          {
            "angle": 285.0,
            "gain": -4.66
          },
          {
            "angle": 288.0,
            "gain": -5.92
          },
          {
            "angle": 291.0,
            "gain": -8.78
          },
          {
            "angle": 294.0,
            "gain": -12.83
          },
          {
            "angle": 297.0,
            "gain": -12.49
          },
          {
            "angle": 300.0,
            "gain": -9.69
          },
          {
            "angle": 303.0,
            "gain": -8.33
          },
          {
            "angle": 306.0,
            "gain": -8.4
          },
          {
            "angle": 309.0,
            "gain": -9.52
          },
          {
            "angle": 312.0,
            "gain": -10.07
          },
          {
            "angle": 315.0,
            "gain": -9.51
          },
          {
            "angle": 318.0,
            "gain": -8.23
          },
          {
            "angle": 321.0,
            "gain": -6.96
          },
          {
            "angle": 324.0,
            "gain": -6.34
          },
          {
            "angle": 327.0,
            "gain": -6.32
          },
          {
            "angle": 330.0,
            "gain": -6.9
          },
          {
            "angle": 333.0,
            "gain": -7.55
          },
          {
            "angle": 336.0,
            "gain": -8.0
          },
          {
            "angle": 339.0,
            "gain": -8.14
          },
          {
            "angle": 342.0,
            "gain": -8.0
          },
          {
            "angle": 345.0,
            "gain": -7.5
          },
          {
            "angle": 348.0,
            "gain": -7.0
          },
          {
            "angle": 351.0,
            "gain": -7.01
          },
          {
            "angle": 354.0,
            "gain": -7.07
          },
          {
            "angle": 357.0,
            "gain": -7.35
          }
        ]
      },
      "eplane": {
        "alignmentAngle": 0.0,
        "gains": [
          {
            "angle": 0.0,
            "gain": -8.41
          },
          {
            "angle": 3.0,
            "gain": -8.53
          },
          {
            "angle": 6.0,
            "gain": -8.64
          },
          {
            "angle": 9.0,
            "gain": -8.76
          },
          {
            "angle": 12.0,
            "gain": -8.42
          },
          {
            "angle": 15.0,
            "gain": -8.56
          },
          {
            "angle": 18.0,
            "gain": -8.33
          },
          {
            "angle": 21.0,
            "gain": -8.36
          },
          {
            "angle": 24.0,
            "gain": -8.48
          },
          {
            "angle": 27.0,
            "gain": -8.52
          },
          {
            "angle": 30.0,
            "gain": -8.56
          },
          {
            "angle": 33.0,
            "gain": -8.64
          },
          {
            "angle": 36.0,
            "gain": -8.58
          },
          {
            "angle": 39.0,
            "gain": -8.56
          },
          {
            "angle": 42.0,
            "gain": -8.56
          },
          {
            "angle": 45.0,
            "gain": -8.74
          },
          {
            "angle": 48.0,
            "gain": -8.89
          },
          {
            "angle": 51.0,
            "gain": -8.92
          },
          {
            "angle": 54.0,
            "gain": -9.14
          },
          {
            "angle": 57.0,
            "gain": -8.81
          },
          {
            "angle": 60.0,
            "gain": -8.7
          },
          {
            "angle": 63.0,
            "gain": -8.91
          },
          {
            "angle": 66.0,
            "gain": -8.75
          },
          {
            "angle": 69.0,
            "gain": -8.56
          },
          {
            "angle": 72.0,
            "gain": -8.59
          },
          {
            "angle": 75.0,
            "gain": -8.52
          },
          {
            "angle": 78.0,
            "gain": -8.39
          },
          {
            "angle": 81.0,
            "gain": -8.52
          },
          {
            "angle": 84.0,
            "gain": -8.48
          },
          {
            "angle": 87.0,
            "gain": -8.45
          },
          {
            "angle": 90.0,
            "gain": -9.37
          },
          {
            "angle": 93.0,
            "gain": -9.45
          },
          {
            "angle": 96.0,
            "gain": -9.28
          },
          {
            "angle": 99.0,
            "gain": -9.39
          },
          {
            "angle": 102.0,
            "gain": -9.59
          },
          {
            "angle": 105.0,
            "gain": -9.62
          },
          {
            "angle": 108.0,
            "gain": -9.83
          },
          {
            "angle": 111.0,
            "gain": -9.87
          },
          {
            "angle": 114.0,
            "gain": -9.98
          },
          {
            "angle": 117.0,
            "gain": -10.01
          },
          {
            "angle": 120.0,
            "gain": -10.4
          },
          {
            "angle": 123.0,
            "gain": -10.61
          },
          {
            "angle": 126.0,
            "gain": -10.66
          },
          {
            "angle": 129.0,
            "gain": -10.59
          },
          {
            "angle": 132.0,
            "gain": -10.63
          },
          {
            "angle": 135.0,
            "gain": -10.57
          },
          {
            "angle": 138.0,
            "gain": -10.57
          },
          {
            "angle": 141.0,
            "gain": -10.45
          },
          {
            "angle": 144.0,
            "gain": -10.35
          },
          {
            "angle": 147.0,
            "gain": -10.27
          },
          {
            "angle": 150.0,
            "gain": -10.33
          },
          {
            "angle": 153.0,
            "gain": -10.23
          },
          {
            "angle": 156.0,
            "gain": -10.18
          },
          {
            "angle": 159.0,
            "gain": -10.14
          },
          {
            "angle": 162.0,
            "gain": -10.27
          },
          {
            "angle": 165.0,
            "gain": -10.27
          },
          {
            "angle": 168.0,
            "gain": -10.14
          },
          {
            "angle": 171.0,
            "gain": -10.34
          },
          {
            "angle": 174.0,
            "gain": -10.28
          },
          {
            "angle": 177.0,
            "gain": -10.31
          },
          {
            "angle": 180.0,
            "gain": -10.25
          },
          {
            "angle": 183.0,
            "gain": -10.17
          },
          {
            "angle": 186.0,
            "gain": -9.95
          },
          {
            "angle": 189.0,
            "gain": -10.12
          },
          {
            "angle": 192.0,
            "gain": -10.04
          },
          {
            "angle": 195.0,
            "gain": -9.99
          },
          {
            "angle": 198.0,
            "gain": -10.15
          },
          {
            "angle": 201.0,
            "gain": -10.27
          },
          {
            "angle": 204.0,
            "gain": -10.45
          },
          {
            "angle": 207.0,
            "gain": -10.72
          },
          {
            "angle": 210.0,
            "gain": -10.73
          },
          {
            "angle": 213.0,
            "gain": -10.9
          },
          {
            "angle": 216.0,
            "gain": -11.33
          },
          {
            "angle": 219.0,
            "gain": -11.17
          },
          {
            "angle": 222.0,
            "gain": -11.28
          },
          {
            "angle": 225.0,
            "gain": -11.39
          },
          {
            "angle": 228.0,
            "gain": -11.66
          },
          {
            "angle": 231.0,
            "gain": -12.01
          },
          {
            "angle": 234.0,
            "gain": -11.92
          },
          {
            "angle": 237.0,
            "gain": -11.87
          },
          {
            "angle": 240.0,
            "gain": -12.4
          },
          {
            "angle": 243.0,
            "gain": -12.39
          },
          {
            "angle": 246.0,
            "gain": -12.42
          },
          {
            "angle": 249.0,
            "gain": -12.83
          },
          {
            "angle": 252.0,
            "gain": -12.81
          },
          {
            "angle": 255.0,
            "gain": -12.7
          },
          {
            "angle": 258.0,
            "gain": -13.09
          },
          {
            "angle": 261.0,
            "gain": -12.92
          },
          {
            "angle": 264.0,
            "gain": -13.18
          },
          {
            "angle": 267.0,
            "gain": -13.38
          },
          {
            "angle": 270.0,
            "gain": -13.43
          },
          {
            "angle": 273.0,
            "gain": -13.21
          },
          {
            "angle": 276.0,
            "gain": -12.99
          },
          {
            "angle": 279.0,
            "gain": -12.87
          },
          {
            "angle": 282.0,
            "gain": -12.6
          },
          {
            "angle": 285.0,
            "gain": -12.55
          },
          {
            "angle": 288.0,
            "gain": -12.61
          },
          {
            "angle": 291.0,
            "gain": -12.44
          },
          {
            "angle": 294.0,
            "gain": -12.2
          },
          {
            "angle": 297.0,
            "gain": -12.03
          },
          {
            "angle": 300.0,
            "gain": -11.66
          },
          {
            "angle": 303.0,
            "gain": -11.48
          },
          {
            "angle": 306.0,
            "gain": -11.03
          },
          {
            "angle": 309.0,
            "gain": -10.96
          },
          {
            "angle": 312.0,
            "gain": -10.76
          },
          {
            "angle": 315.0,
            "gain": -10.72
          },
          {
            "angle": 318.0,
            "gain": -10.29
          },
          {
            "angle": 321.0,
            "gain": -10.27
          },
          {
            "angle": 324.0,
            "gain": -9.94
          },
          {
            "angle": 327.0,
            "gain": -9.62
          },
          {
            "angle": 330.0,
            "gain": -9.56
          },
          {
            "angle": 333.0,
            "gain": -9.36
          },
          {
            "angle": 336.0,
            "gain": -9.1
          },
          {
            "angle": 339.0,
            "gain": -8.91
          },
          {
            "angle": 342.0,
            "gain": -8.75
          },
          {
            "angle": 345.0,
            "gain": -8.64
          },
          {
            "angle": 348.0,
            "gain": -8.45
          },
          {
            "angle": 351.0,
            "gain": -8.36
          },
          {
            "angle": 354.0,
            "gain": -8.31
          },
          {
            "angle": 357.0,
            "gain": -8.32
          }
        ]
      },
      "radioTechnology": "BLUETOOTH",
      "defaultMounting": "CEILING",
      "apCoupling": "INTERNAL_ANTENNA",
      "id": "7d534aad-6e83-4113-814a-a4dce1a07ee7",
      "status": "CREATED"
    }
  ]
}